<!DOCTYPE beans PUBLIC "-//SPRING//DTD BEAN 2.0//EN"
			"http://www.springframework.org/dtd/spring-beans-2.0.dtd">
<beans>

	<bean id="std" class="beans.Student">
		<property name="name" value="vinodh"></property>
		<property name="age" value="30"></property>
		<property name="courses">
			<list>
				<value>Spring</value>
				<value>Hibernate</value>
				<value>azure</value>
				<value>aws</value>
			</list>
		</property>

		<property name="fees">
			<list>
				<value>10000</value>
				<value>5000</value>
				<value>6000</value>
				<value>7000</value>
			</list>
		</property>

		<property name="fruits">
			<list>
				<value>Apple</value>
				<value>Mango</value>
				<value>Banana</value>
				<value>orange</value>
				<value>Apple</value>
			</list>
		</property>

		<property name="cricketers">
			<set>
				<value>Kohli</value>
				<value>Rohit</value>
				<value>Sachin</value>
				<value>Sehwag</value>
				<value>Kohli</value>
			</set>
		</property>

		<property name="stateCap">
			<map>
				<entry key="TS" value="HYD" />
				<entry key="TN" value="CHN" />
				<entry key="MH" value="MB" />
				<entry key="KA" value="BNG" />
			</map>
		</property>

		<property name="address" ref="ld"></property>


	</bean>
		<bean id="adr" class="beans.Address">
			<property name="street" value="ABC_STREAT"></property>
			<property name="city" value="HYD"></property>
			<property name="state" value="TS"></property>
		</bean>

		<bean id="ld" class="beans.LocationData">
		<property name="street" value="abc"/>
		<property name="city" value="HYD"/>
		<property name="state" value="TS"/>
		<property name="pin" value="500032"/>
		<property name="road" value="5"/>
		<property name="landmark" value="NearTemple"/>
		</bean>



	<bean id="emp" class="beans.Employee">
		<constructor-arg value="vinodh" index="0"></constructor-arg>
		<constructor-arg value="30" index="1"></constructor-arg>
		<constructor-arg index="2">
			<list>
				<value>Spring</value>
				<value>Hibernate</value>
				<value>azure</value>
				<value>aws</value>
			</list>
		</constructor-arg>
		<constructor-arg index="3">
			<list>
				<value>10000</value>
				<value>5000</value>
				<value>6000</value>
				<value>7000</value>
			</list>

		</constructor-arg >

		<constructor-arg index="6">
			<map>
				<entry key="TS" value="HYD" />
				<entry key="TN" value="CHN" />
				<entry key="MH" value="MB" />
				<entry key="KA" value="BNG" />
			</map>

		</constructor-arg>
		<constructor-arg index="4">
			<list>
				<value>Apple</value>
				<value>Mango</value>
				<value>Banana</value>
				<value>orange</value>
				<value>Apple</value>
			</list>

		</constructor-arg>

		<constructor-arg index="5">
			<set>
				<value>Kohli</value>
				<value>Rohit</value>
				<value>Sachin</value>
				<value>Sehwag</value>
				<value>Kohli</value>
			</set>

		</constructor-arg>




	</bean>

</beans>