<!DOCTYPE beans PUBLIC "-//SPRING//DTD BEAN 2.0//EN"
			"http://www.springframework.org/dtd/spring-beans-2.0.dtd">
<beans>
<bean id="c" class="com.rbu.sms.controller.StudentController">
<property name="business" ref="b"></property>
</bean>

<bean id="b" class="com.rbu.sms.business.StudentBusiness">
<property name="studentDao" ref="d"></property>
</bean>

<bean id="d" class="com.rbu.sms.dao.StudentDao">
<property name="dbcon" ref="db"></property>
</bean>

<!-- setter injection -->
<bean id="db" class="com.rbu.sms.util.DBCon">
	<property name="drivername" value="oracle.jdbc.OracleDriver"></property>
	<property name="url" value="jdbc:oracle:thin:@localhost:1521:xe"></property>
	<property name="username" value="system"></property>
	<property name="password" value="admin"></property>
</bean>
<!--SQL: create table STUDENT(id number primary key,name varchar2(200),email varchar2(200),address varchar2(200)); -->
</beans>