<!DOCTYPE hibernate-mapping PUBLIC 
    "-//Hibernate/Hibernate Mapping DTD 3.0//EN"
    "http://www.hibernate.org/dtd/hibernate-mapping-3.0.dtd">
<hibernate-mapping>
    <class name="com.rbu.ems.model.Employee" table="RBU_EMPLOYEE" schema="system">
 		<id name="id">
 			<generator class="increment"/>
 		</id>       
        <property name="name"/> 
        <property name="email"/>
        <property name="address"/> 
        <property name="salary"/>  
    </class>     
</hibernate-mapping>